{
  "Random Forest": {
    "accuracy": 0.8309579439252337,
    "precision": 0.7895003804209992,
    "recall": 0.8345844504021448,
    "f1": 0.8114166558060733,
    "auc_roc": 0.8875531613741197,
    "auc_pr": 0.8164671886142579,
    "confusion_matrix": [
      [
        4000,
        830
      ],
      [
        617,
        3113
      ]
    ]
  },
  "XGBoost": {
    "accuracy": 0.8311915887850467,
    "precision": 0.7837099577849516,
    "recall": 0.8461126005361931,
    "f1": 0.8137166430321,
    "auc_roc": 0.8870184115142734,
    "auc_pr": 0.8188879919831252,
    "confusion_matrix": [
      [
        3959,
        871
      ],
      [
        574,
        3156
      ]
    ]
  },
  "SVM": {
    "accuracy": 0.8321261682242991,
    "precision": 0.7974059662775617,
    "recall": 0.8241286863270777,
    "f1": 0.810547132498352,
    "auc_roc": 0.8874547483056633,
    "auc_pr": 0.8198891832324637,
    "confusion_matrix": [
      [
        4049,
        781
      ],
      [
        656,
        3074
      ]
    ]
  }
}